"created_at";"updated_at";"customer_id";"name";"gender";"birthday";"blood_group";"email";"address";"phone_number";"region";"country";"lat";"lng"
2021-11-09 17:10:54;2021-11-09 17:10:54;a9a20fb0-53d5-4161-9269-60a7494292c7;Joseph Murphy;M;2004-02-18;A+;ogibson@hotmail.com;"1898 Timothy Spur
Kristinafort, ME 66008";"001-791-156-7839x5181";Searcy;US;35.25064;-91.73625
2021-11-09 17:10:55;2021-11-09 17:10:55;"9939e277-30a6-4bb6-b196-1b5e27e27af5";Laurie Davis;F;2003-09-28;AB-;jasonsmith@yahoo.com;"45907 Brady Overpass
West Ericshire, NJ 17144";"520-510-8923x16966";Gembloux;BE;50.56149;4.69889
2021-11-09 17:10:57;2021-11-09 17:10:57;"0068c3f2-07ca-493d-9db4-689e738c2ccd";Donna Cooper;F;2001-04-02;B-;michelle36@yahoo.com;"61492 Briana Islands
Lauramouth, WA 91857";(129)488-6165x25036;Sillanwali;PK;31.82539;72.54064
2021-11-09 17:10:59;2021-11-09 17:10:59;d2d579b6-67a4-4661-a012-ebf260104597;Wesley Cole;M;1956-08-26;AB-;thomasdavis@gmail.com;"091 Rachel Locks Apt. 467
Port Gary, GA 48367";"001-398-264-7914";Baulkham Hills;AU;-33.75881;150.99292
2021-11-09 17:11:00;2021-11-09 17:11:00;"687f34df-4e43-429e-9b1a-e3194882fae5";Scott Allen;M;1912-04-01;AB-;andersonkari@gmail.com;"Unit 1179 Box 5228
DPO AP 58099";(951)907-7723x6220;High Wycombe;GB;51.62907;-0.74934
2021-11-09 17:11:02;2021-11-09 17:11:02;e9cbb053-baa9-4921-813a-a6e721091006;Mary Johnson;F;2005-10-20;B-;heather32@gmail.com;"02974 Jamie Brook Suite 496
North Jonathanchester, AZ 87962";"057-524-3293x364";Kampung Ayer Molek;MY;2.2139;102.3278
2021-11-09 17:11:04;2021-11-09 17:11:04;"09a770f9-38dd-4a71-b710-8ad8ed824e4a";Denise Donaldson;F;1932-11-02;B-;cameron28@yahoo.com;"Unit 6187 Box 1553
DPO AP 80881";"001-979-078-4405";Tarkwa;GH;5.30383;-1.98956
2021-11-09 17:11:06;2021-11-09 17:11:06;"96eb4f19-362d-46af-aafc-b3e7819e2c5b";Dawn Wood;F;1950-10-21;AB+;martinezashley@gmail.com;"83443 Arnold Passage
North Jesse, KY 45471";+1-153-929-3650x7897;Serinhisar;TR;37.58105;29.26639
2021-11-09 17:11:07;2021-11-09 17:11:07;"402c21fb-aeeb-4743-9e1a-10dda7414590";Kristin Schmitt;F;1931-08-02;O-;gayjudith@gmail.com;"Unit 4124 Box 4367
DPO AA 60438";(212)489-1402;Dorval;CA;45.4473;-73.75335
2021-11-09 17:11:09;2021-11-09 17:11:09;dbe6a8b5-8bc9-4529-b77e-ed30570ead41;Allison Turner;F;2011-02-11;AB+;gabriel09@hotmail.com;"737 Linda Village
Wintersmouth, WI 82833";(960)335-1196x55109;Roi Et;TH;16.0567;103.65309
2021-11-09 17:11:11;2021-11-09 17:11:11;a6496824-d0b6-4e7d-98a2-5afdc6b8c18e;Taylor Barrett;F;1926-03-11;A-;grodriguez@yahoo.com;"0581 Howard Fords
North Melanie, AZ 76730";"8057740579";Aracaju;BR;-10.91111;-37.07167
2021-11-09 18:15:39;2021-11-09 18:15:39;"9803af4a-108e-4361-a530-6fb67eb442a3";Haley Wright;F;1985-11-29;A-;lawrence95@gmail.com;"0443 Patricia Circles
West Steven, OR 71557";"1037861497";Petrozavodsk;RU;61.78491;34.34691
2021-11-09 18:15:41;2021-11-09 18:15:41;f1ecf394-0afe-4ed4-bc73-4405a0b89e71;Teresa Tyler;F;1908-11-09;A-;mary09@hotmail.com;"0094 Derek Centers Suite 000
New Brianmouth, UT 53880";"256.026.1553x012";Losser;NL;52.26083;7.00417
2021-11-09 18:15:43;2021-11-09 18:15:43;"40040a94-eea5-4c16-b3eb-d6fb739d1d93";Francisco Perez;M;1965-12-02;A+;perezerin@gmail.com;"7894 Miller Vista
South Stacey, ID 82735";"7881378229";Kalavoor;IN;9.57046;76.32756
2021-11-09 18:15:44;2021-11-09 18:15:44;"2dff9378-c12c-42e3-8ca1-9e2c60b6e2e8";Donald Smith;M;1907-03-20;B-;xgonzalez@hotmail.com;"7247 Jones Hollow Suite 113
West Wayneborough, NY 98367";"8152787201";Osmanabad;IN;18.18158;76.03889
2021-11-09 18:15:46;2021-11-09 18:15:46;e369ece0-f117-40a8-8efd-80a0a17c99d9;Jamie Kelly;F;2020-11-05;A+;woodcassandra@yahoo.com;"37981 Martin Divide Suite 910
West Zacharymouth, MI 07700";"386.524.8906";Aguadilla;PR;18.42745;-67.15407
2021-11-09 18:15:48;2021-11-09 18:15:48;"2eef4697-9a04-4f15-8884-dae1e35b74ba";Michelle Rodriguez;F;1953-11-23;AB-;stephanie25@yahoo.com;"335 Andrea Station Suite 682
New Jennifer, WY 11375";+1-466-497-8385x9163;Temara;MA;33.92866;-6.90656
2021-11-09 18:15:50;2021-11-09 18:15:50;"5fb7fa58-71e4-42de-8ef1-3b59bc96f445";Christopher Jones;M;1958-03-05;A-;ovalencia@hotmail.com;"9961 Julie Tunnel
New Jeremymouth, AR 24303";"783-400-7947x1095";Kafanchan;NG;9.58126;8.2926
2021-11-09 18:15:51;2021-11-09 18:15:51;"35cd394c-8cfa-4cd9-b80e-6d0d28a44a90";Geoffrey Garcia;M;1958-05-06;A+;rodriguezkevin@yahoo.com;"6113 Cole Corner
Sanchezview, AK 50500";"983.016.0385x72452";Olanchito;HN;15.48131;-86.57415
2021-11-09 18:15:53;2021-11-09 18:15:53;"7a0b12d8-540f-47ae-ba49-ae7c7088fd69";Carrie Watkins;F;2010-08-19;AB+;tiffany43@gmail.com;"521 Drake Road Suite 606
Coxchester, WV 81597";"792.070.0493x48975";Dorval;CA;45.4473;-73.75335
2021-11-09 18:15:55;2021-11-09 18:15:55;d203a03b-4ad8-4606-aa23-f1e2e8fa262f;Joshua Adams;M;1961-05-06;B-;uperez@hotmail.com;"6937 Harris Terrace Suite 274
South Connieshire, NE 86329";"001-240-403-0236x183";Saint-Denis;RE;-20.88231;55.4504
2021-11-09 18:15:57;2021-11-09 18:15:57;"0014a0dc-7fd1-4722-8acd-6ea1ca5ba0c8";Michael Graham;M;1956-02-02;AB+;johnsondominic@gmail.com;"Unit 8178 Box 9480
DPO AE 64744";"400.464.0887";Kanganpur;PK;30.76468;74.12286
2021-11-09 18:16:00;2021-11-09 18:16:00;"364acc27-b494-4195-961e-8dd62508b981";Jennifer Parker;F;1918-05-09;B+;josephfuentes@hotmail.com;"2878 Gibson Route
Mariahfurt, FL 90239";"5367247024";San Juan;US;26.18924;-98.15529
2021-11-09 18:16:02;2021-11-09 18:16:02;bce0d846-3b3a-4e18-b466-ff2e918f3741;Jennifer Young;F;1971-04-06;O-;bjames@gmail.com;"706 Sarah Prairie
East Christopher, SD 35792";(402)132-4696x771;Altamira;BR;-3.20333;-52.20639
2021-11-09 18:16:04;2021-11-09 18:16:04;"53c004ab-5483-4609-b374-c7b8005de6af";Richard Adams;M;1923-10-02;AB+;alicia63@yahoo.com;"194 Moore Hill Suite 573
Herreraville, MN 36131";"001-876-221-7669x17068";Rosedale;US;39.32011;-76.51552
2021-11-09 18:16:07;2021-11-09 18:16:07;"694ce9b1-e2aa-46f3-877f-619327d4172d";Shannon Morris;M;2006-08-10;AB-;jonesadam@hotmail.com;"0319 David Flats
Sandersshire, IN 73017";"4959759639";Dyat‚Äôkovo;RU;53.59782;34.33825
2021-11-09 18:16:09;2021-11-09 18:16:09;fff22f5f-4fdf-486b-b3b8-3f5ad8040a01;Joshua Knight;M;2003-02-04;A-;angierusso@yahoo.com;"65070 Brittany Course Suite 258
Herrerafurt, FL 76795";+1-879-704-4311x0490;Bothell West;US;47.80527;-122.24064
2021-11-09 18:16:11;2021-11-09 18:16:11;c6f93a7a-a39d-4d81-8b0d-3a293986eb59;Mary Williams MD;F;1966-01-06;AB+;lthomas@gmail.com;"98454 Greg Trafficway
Alvarezberg, NH 41737";"8330420136";Temara;MA;33.92866;-6.90656
2021-11-09 18:16:12;2021-11-09 18:16:12;"945d0fc6-51c4-4dfa-916a-71c01f4e31e6";Diana Robbins;F;1982-07-10;AB-;chelseagonzalez@yahoo.com;"9645 Ryan Streets Apt. 039
South Isaac, MI 43719";"791-644-2232x3840";Chosica;PE;-11.94306;-76.70944
2021-11-09 18:16:14;2021-11-09 18:16:14;"70a823de-7c19-4084-932e-970cc1a71610";Nicholas Oconnell;M;1956-02-28;B-;suzannerivera@yahoo.com;"21152 Nicholson Rest
Boydmouth, LA 90773";"001-308-886-1992x8996";Greenfield;US;39.78504;-85.76942
2021-11-09 18:16:16;2021-11-09 18:16:16;"343ca357-6234-43e5-8c2b-dcce38543ab7";Susan Schneider;F;1930-01-26;A-;montoyaallen@hotmail.com;"175 Angela Shores
Johnville, NV 75283";"762-518-9341";Negotin;RS;44.22639;22.53083
2021-11-09 18:16:17;2021-11-09 18:16:17;"7133e8b6-85e9-46b1-a053-165926678f23";Michael Ross;M;2018-09-22;AB+;taylorsnyder@yahoo.com;"593 Kelly Key
Lake Aliciaside, CT 96581";"9981880350";Shushary;RU;59.80917;30.38167
2021-11-09 18:16:20;2021-11-09 18:16:20;d2dcd4eb-967b-442a-a3ab-b974919032b1;Chelsea Wilson;F;2007-02-18;O+;melissa42@hotmail.com;"132 Gardner Branch Suite 506
West Richardview, IL 12894";"530.569.2007x9019";Buynaksk;RU;42.819;47.1192
2021-11-09 18:16:22;2021-11-09 18:16:22;d4dc2f75-dc11-48c5-87a3-bd7a3c344426;Michelle Mata;F;1934-11-20;A+;melissa08@yahoo.com;"01537 Kathleen Lodge
Zimmermanview, MI 72547";+1-142-606-4274x28822;Carnaxide;PT;38.72706;-9.24671
2021-11-09 18:16:23;2021-11-09 18:16:23;"62c20b54-55e3-46f1-83c6-fd82befd18df";Kenneth Rosales;M;1910-07-20;O-;sbecker@yahoo.com;"10043 Barrett Village
Tinafort, HI 81201";"519.521.4328";Rafiganj;IN;24.81757;84.63445
2021-11-09 18:16:25;2021-11-09 18:16:25;"41d7672b-39c8-4930-870a-c8f792726b53";Wanda Marshall;F;1996-07-13;AB+;ashleytaylor@yahoo.com;"77596 Jackson Viaduct
West Daniel, ND 54931";"183.120.7554";Ushuaia;AR;-54.8;-68.3
2021-11-09 18:16:27;2021-11-09 18:16:27;"4ed0f7c4-732b-473c-8f2e-4752f3fc5666";Crystal Cunningham;F;2014-01-08;A+;sergio32@yahoo.com;"6573 Lindsay Mills Suite 632
North Renee, OH 52862";"6573249938";Saint-Denis;RE;-20.88231;55.4504
2021-11-09 18:16:29;2021-11-09 18:16:29;"9a49bb97-f892-402c-8a5a-bb4b3fe55496";Jacob Mitchell;M;1923-01-10;O+;morrisjaclyn@gmail.com;"491 Carter Valley Suite 555
Courtneyburgh, KY 30995";+1-555-860-9098;Kensington;US;40.64621;-73.97069
2021-11-09 18:16:30;2021-11-09 18:16:30;"6b02a375-60f5-4023-8067-15b205fd024c";Kristie Thomas;F;1951-07-28;O+;breanna81@hotmail.com;"69065 Barnes Square
South Alex, AZ 93930";"001-822-774-3931x66635";Yonkers;US;40.93121;-73.89875
2021-11-09 18:16:32;2021-11-09 18:16:32;"846888c5-27c7-41b5-9009-74d91184f410";Jacqueline Gutierrez;F;1950-04-11;O-;susan11@gmail.com;"4482 Campos Gardens Apt. 214
West Stevenborough, NH 89150";(447)578-1210x546;Messaad;DZ;34.15429;3.50309
2021-11-09 18:16:34;2021-11-09 18:16:34;"481286d7-e90c-418e-a02b-0185260b0157";Jeremy Kelly;M;1907-09-08;O+;ocordova@yahoo.com;"18617 Stacy Meadow
Lake Leahville, MA 18910";+1-965-972-4618x158;Lal Bahadur Nagar;IN;17.34769;78.55757
2021-11-09 18:16:36;2021-11-09 18:16:36;"68d897f7-f639-4aa6-92f4-e05186dd79a3";Stephanie Holt;F;1944-09-15;A-;rachel96@gmail.com;"2144 Tina Pass Apt. 199
Timothyshire, DE 56647";"1268272745";Kenda;IN;23.1959;86.51499
2021-11-09 18:16:38;2021-11-09 18:16:38;f57c98f9-c074-4cdb-9ebe-19f00984b311;Sheena Vance;F;1976-06-04;A-;christopheredwards@gmail.com;"67691 Mason Loaf
Russellmouth, SC 58553";(655)299-5468x49584;Buenaventura;CO;3.8801;-77.03116
2021-11-09 18:16:39;2021-11-09 18:16:39;"704b27a6-b788-4501-a7c0-fd0246247842";Jeff Cooper;M;1977-05-10;A-;davidsonandrew@hotmail.com;"735 Nicole Land
Obrienburgh, RI 54736";"221.486.9408x20159";Scarsdale;US;41.0051;-73.78458
2021-11-09 18:16:41;2021-11-09 18:16:41;fee86bf5-bbba-44d9-9c1f-e26f5ac16e7e;Cameron Anderson;M;1927-11-06;AB+;jamesbriggs@gmail.com;"0433 Moore Lock Suite 193
Ericksonmouth, NH 96375";"001-387-816-6455x76629";Naushahra Virkan;PK;31.96258;73.97117
2021-11-09 18:16:43;2021-11-09 18:16:43;"3d345afe-68b4-4994-bc5f-6dbda3bc0a5e";Matthew Stokes;M;1924-08-30;O-;davidclark@hotmail.com;"12371 Pugh Drive
Tylerville, OK 43427";+1-221-076-9944x249;Yamada;JP;39.46667;141.95
2021-11-09 18:16:44;2021-11-09 18:16:44;"18973285-c2b0-444d-bb10-06650f51bf37";Crystal Williams;F;1946-09-13;B+;jamiewilson@hotmail.com;"2624 Dyer Land Apt. 326
Garciaborough, FL 06588";"887-094-0256x948";Beaumont;US;33.92946;-116.97725
2021-11-09 18:16:46;2021-11-09 18:16:46;"13cb284a-aa29-4951-9387-00c67bd4b484";Karen Gregory;F;1998-11-22;A-;maryduncan@yahoo.com;"8068 Moore Drive Suite 465
Starktown, NY 34929";(017)460-5669x2483;Adliswil;CH;47.30997;8.52462
2021-11-09 18:16:48;2021-11-09 18:16:48;be9cabc6-3152-45dc-92b9-4740b8e19d13;Krystal Gonzalez;F;1998-01-31;AB+;landrydenise@hotmail.com;"52146 Mcdowell Locks
West Ashleychester, NC 14721";"087.631.1428x0547";Oschatz;DE;51.30001;13.10984
2021-11-09 18:16:49;2021-11-09 18:16:49;e5c8ea54-2e38-414d-bb59-ad2c58edce9d;Erica Allen;F;1961-01-18;B-;ericmendoza@hotmail.com;"8165 Jared Place Apt. 208
South Alexanderside, OH 08094";"191-087-6682";Dahlem;DE;52.4581;13.28702
2021-11-09 18:16:51;2021-11-09 18:16:51;"498bfc5f-3cc4-49a9-a54b-f6e80e429929";Victoria Knapp;F;1950-07-11;B+;rachel57@hotmail.com;"9256 Jamie Flat Suite 772
Mckayshire, SD 39672";"167.249.3120x7732";Manikchari;BD;22.83957;91.84128
2021-11-09 18:16:53;2021-11-09 18:16:53;"47b2bd03-7d07-452c-874e-60c2cec153bf";Veronica Daniel;F;1945-07-07;O+;williamsdenise@gmail.com;"57245 Gloria Fords
North Katherine, KS 11735";(904)653-5619x996;Montana;BG;43.4125;23.225
2021-11-09 18:16:55;2021-11-09 18:16:55;"2d7ade57-1221-4e5e-8a47-e0f51ea178db";Heather Baker;F;2007-03-25;AB+;carpenterpeter@yahoo.com;"68604 Lauren Mews Apt. 955
Ramseystad, MI 79843";"341-013-0154x302";Andes;CO;5.6561;-75.87877
2021-11-09 18:16:56;2021-11-09 18:16:56;f879d526-ac50-4e42-92a0-0e3a149aea5f;Cheryl Burns;F;1992-01-18;O-;mwilliams@hotmail.com;"968 Alvarez Ports
Lake Maria, ND 71494";"204.448.7421x577";Muncar;ID;-8.43333;114.33333
2021-11-09 18:16:58;2021-11-09 18:16:58;"104ff3bb-8122-415a-8d11-e438f2c9eeb3";April Mullins;F;1994-06-10;A-;connie98@hotmail.com;"Unit 9602 Box 8361
DPO AP 42815";+1-283-346-0851x21806;Ken Caryl;US;39.57582;-105.11221
2021-11-09 18:17:00;2021-11-09 18:17:00;ab57037e-f908-4805-9574-b2a0d9394847;Jose Carter;M;2004-02-24;O+;markmitchell@gmail.com;"7914 Robert Orchard
Port Bridget, MI 73449";(927)919-9271;Guyong;PH;14.8361;120.97844
2021-11-09 18:17:02;2021-11-09 18:17:02;"536fb964-c55c-42ab-bf22-23060ca198a4";Jessica Smith;F;1964-09-20;AB-;kellygraves@hotmail.com;"833 Campbell Ridges
Port Sara, TN 42861";(619)994-9191x955;Elamanchili;IN;17.54907;82.85749
2021-11-09 18:17:03;2021-11-09 18:17:03;"28cef745-f4ef-4b81-acaa-6e41b5afafd7";Darrell Lutz;M;2008-08-26;AB-;ushelton@hotmail.com;"57503 Brown Hollow Apt. 777
Port William, MO 49134";"726-237-1023x146";Rajaori;IN;33.37526;74.3092
2021-11-09 18:17:05;2021-11-09 18:17:05;"8dcdca86-fad1-4ac1-8929-0b0a6a89404d";John Lopez;M;1972-05-21;AB+;carredward@hotmail.com;"USNS Smith
FPO AE 61248";+1-933-753-9120x89039;Yanliang;CN;34.65918;109.22921
2021-11-09 18:17:07;2021-11-09 18:17:07;e5181785-7f9d-4ac3-9472-0ba785599eba;Tabitha Wright;F;1944-05-01;A-;nathan53@hotmail.com;"2114 Mitchell Dale Apt. 660
East Christopherbury, NY 64257";(038)451-4320x945;Lino Lakes;US;45.16024;-93.08883
2021-11-09 18:17:08;2021-11-09 18:17:08;"7c9e9265-6527-474a-b804-fd76bee4f5aa";Carol Edwards;F;1942-07-18;AB+;brandon81@yahoo.com;"257 Williams Vista
South Anthonyland, MO 69925";(318)273-7509x987;Skalica;SK;48.8449;17.22635
2021-11-09 18:17:10;2021-11-09 18:17:10;"5b98290a-7195-4f14-9d84-9c84b2173c1a";Jessica Shepherd;F;1938-10-28;A+;martinjacob@gmail.com;"7703 Melanie Branch
Tanyafurt, UT 24380";+1-493-020-2516x522;Dombivli;IN;19.21667;73.08333
2021-11-09 18:17:12;2021-11-09 18:17:12;"4661cc4f-e607-4d7f-b378-dedcd10cb7dc";Sophia Hester;F;1970-04-26;B-;jennifer42@hotmail.com;"Unit 5137 Box 7718
DPO AA 10041";"750-655-6320";Greenpoint;US;40.72371;-73.95097
2021-11-09 18:17:14;2021-11-09 18:17:14;"34474056-5ef2-4715-b3cc-3c5ab3d3592c";Julie Rubio;F;2006-03-08;A+;wrightsteven@yahoo.com;"995 Debra Summit Suite 470
Johnsonstad, KY 88341";(476)624-6420x01420;Brunswick;US;43.91452;-69.96533
2021-11-09 18:19:55;2021-11-09 18:19:55;"0fb27252-0585-413e-8f51-e0daae55701d";Jessica Coleman;F;2021-06-25;O-;nortonjoseph@gmail.com;"6232 Stephanie Mills Suite 780
Popeton, VT 18988";"419.787.9364";Kendall;US;25.67927;-80.31727
2021-11-09 18:19:57;2021-11-09 18:19:57;"0372103e-f3dd-4af7-bdcd-12c31b28b483";Justin Woodard;M;1940-08-09;AB+;joshuathompson@yahoo.com;"705 Garcia Valleys Suite 664
South Patrick, OK 97167";"690.711.1057x1345";Parola;IN;20.88098;75.11937
2021-11-09 18:19:59;2021-11-09 18:19:59;"9358b0c4-21a3-420f-8a6f-25f21312ea87";Monique Mcpherson;F;1973-06-06;O-;samuel64@gmail.com;"07872 Kelsey Point
Baileystad, OH 58942";"861-804-9807x453";Alytus;LT;54.39635;24.04142
2021-11-09 18:20:00;2021-11-09 18:20:00;"4f5bd868-52fc-47e5-a09f-ce4456d0f18f";Daniel Snyder;M;1987-05-30;B-;iallison@gmail.com;"0006 Anderson Creek Suite 964
East Timothy, NE 84617";"001-525-625-9946";Rosedale;US;39.32011;-76.51552
2021-11-09 18:20:02;2021-11-09 18:20:02;"3ccece12-44e2-4514-b7e6-02de99160558";Derek Lyons;M;2013-12-28;O+;christophermccullough@yahoo.com;"480 Hill Passage Suite 413
Greenburgh, WY 42139";"001-921-174-9193x03626";Valday;RU;57.97472;33.2525
2021-11-09 18:20:04;2021-11-09 18:20:04;"071414dc-c5a5-4ec1-8efd-1bbea6469078";Juan Wiley;M;1925-04-07;AB+;courtney52@yahoo.com;"3229 Thompson Crossroad Suite 073
East Nicoletown, MN 60895";"345-980-7312x13077";Moga;IN;30.81383;75.16878
2021-11-09 18:20:06;2021-11-09 18:20:06;"6f594cb3-7507-423f-b1ed-5fd8db342331";Richard Lambert;M;1958-08-09;AB+;fhatfield@gmail.com;"4727 Jessica Tunnel Apt. 165
Lisachester, WA 36928";+1-646-666-2653;Kallio;FI;60.18427;24.95034
2021-11-09 18:20:08;2021-11-09 18:20:08;"6498af47-301d-4928-92e5-9aec804bb2fd";Zachary Allen;M;1997-02-06;AB-;david61@gmail.com;"4800 Jason Points Apt. 713
New Michael, SC 78111";"571.854.8415x880";Miracema;BR;-21.41222;-42.19667
2021-11-09 18:20:10;2021-11-09 18:20:10;f71c954b-482f-4ce5-9300-583656dce214;Jennifer Floyd;F;1953-09-05;AB-;johnweaver@gmail.com;"32794 Jeffrey Locks Suite 108
Moralesburgh, KS 53172";"6350063037";Cabo;BR;-8.28333;-35.03333
2021-11-09 18:20:12;2021-11-09 18:20:12;e2b7b967-453f-412e-93be-18fe925c90bf;Arthur Ortega;M;1930-10-31;A+;kimberlymason@gmail.com;"26500 Devon Trail
East Natasha, WY 79160";"604.103.7888";Changshu City;CN;31.64615;120.74221
2021-11-09 18:20:13;2021-11-09 18:20:13;c8466ac1-992d-4fb9-b2a0-d1ae74154c2f;John Fitzgerald;M;1963-01-07;AB+;jennifercasey@gmail.com;"672 Jeffrey Unions
Santiagomouth, MD 17447";"227-918-2282x930";Busia;KE;0.46005;34.11169
2021-11-09 18:20:15;2021-11-09 18:20:15;d042ad7b-b819-41aa-a679-438522219499;Meghan Schmitt;F;1941-02-22;O-;hrose@yahoo.com;"4173 Wagner Walk Suite 716
West Nicoletown, DE 03065";(924)970-8448;Niort;FR;46.32313;-0.45877
2021-11-09 18:20:17;2021-11-09 18:20:17;d73253c1-6dcb-47eb-90e9-6898bd86b7de;Timothy Mcdaniel;M;1963-04-26;O-;ramosleslie@hotmail.com;"99259 Hannah Key
North Marissaport, ND 98893";(564)691-6309x726;New Kingston;JM;18.00747;-76.78319
2021-11-09 18:20:18;2021-11-09 18:20:18;"98de40de-d6c5-455b-b515-f5e839db738a";Mr. Kevin Hudson;M;1976-03-06;A+;christophergraham@gmail.com;"81032 Baxter Fort
North Jared, RI 78749";"001-134-897-8120";Madrid;CO;4.73245;-74.26419
2021-11-09 18:20:20;2021-11-09 18:20:20;"98b8ee72-e6f5-46b3-bc7c-372ab9d579c3";Jacob Burke;M;1928-05-20;O-;ymitchell@gmail.com;"USNV Hall
FPO AA 66583";"633.900.2273x17980";Leyland;GB;53.69786;-2.68758
2021-11-09 18:20:22;2021-11-09 18:20:22;"3c4be489-cbf6-49bf-9a93-0220db57905f";Scott Jones;M;2019-10-27;AB-;heatherjohnson@gmail.com;"7002 Scott Mountain Apt. 825
Garyville, DC 45728";"015.232.1293x17194";Friedberg;DE;48.35693;10.98461
2021-11-09 18:20:23;2021-11-09 18:20:23;a67c3272-2e90-47fe-9f87-d61c6fc9938d;Carlos Allen;M;2004-01-21;AB-;anthony78@gmail.com;"Unit 7753 Box 8922
DPO AP 76566";(662)858-5810x444;Longgang;CN;37.65181;120.33063
2021-11-09 18:20:25;2021-11-09 18:20:25;"23b32b9d-0610-4e07-9d07-80a50444f2f4";Amber Richards;F;1995-03-17;AB+;rossjenna@gmail.com;"790 Brown Track Suite 863
Jordanland, DE 81036";"001-749-035-3285x08762";Kulai;MY;1.6561;103.6032
2021-11-09 18:20:27;2021-11-09 18:20:27;"357aa53b-0063-4f7e-8d09-7b1f8026557d";Jordan Obrien;F;1968-01-15;A-;schwartzcurtis@yahoo.com;"525 Kristina Parkway Suite 987
New Lauratown, NV 11817";"001-040-260-5345x557";Alytus;LT;54.39635;24.04142
2021-11-09 18:20:29;2021-11-09 18:20:29;ae8c3916-eba7-4799-ae98-d423be713e85;Samantha Pierce;F;1923-06-23;A+;charles21@gmail.com;"3090 Patricia Stravenue
East Michaelborough, AR 80350";+1-258-662-4501;Barnet;GB;51.65;-0.2
2021-11-09 18:20:31;2021-11-09 18:20:31;"7fa884a7-2017-493e-9266-ff8d4e44bd34";Alexandra Watson;F;1945-11-19;AB+;moraleschristopher@gmail.com;"938 Olson Heights Suite 144
Johnsonborough, OR 89137";"562-747-4254x1555";Hendala;LK;6.9909;79.883
2021-11-09 18:20:32;2021-11-09 18:20:32;"6ba966a0-8ed3-49a1-badb-a6476a6e8fca";Christopher Reyes;M;1916-08-05;AB+;codyhuang@yahoo.com;"41312 Paul Fort Suite 112
Andrewberg, LA 97545";+1-951-409-3426;Srinagar;IN;34.08565;74.80555
2021-11-09 18:20:34;2021-11-09 18:20:34;"0fc1861e-c8fa-48df-aa0b-992ee54ec97b";Zachary Higgins;M;1931-06-06;B+;eric51@hotmail.com;"1955 Lara Stravenue
Sarahmouth, VA 47032";+1-853-739-0798;Hechingen;DE;48.35149;8.96317
2021-11-09 18:20:36;2021-11-09 18:20:36;"3e1bf7b8-84c8-46fc-a6ca-409f37b81491";Katie Smith;F;2005-10-31;O-;michaeltapia@gmail.com;"2513 Davis Courts
South Matthewland, SC 80404";(340)147-6000;Hendala;LK;6.9909;79.883
2021-11-09 18:20:37;2021-11-09 18:20:37;"57034a32-2d81-4b09-8c02-c8d57e6f6b0c";Amy Owens;F;1942-09-17;O+;lisa27@yahoo.com;"1527 Emily Centers Apt. 358
East Margaret, KS 79365";(152)555-7934;Antanifotsy;MG;-19.65;47.31667
2021-11-09 18:20:39;2021-11-09 18:20:39;e3b4cbb8-1980-478a-be2b-19697e12eeb9;Patrick Neal;M;1963-12-23;A+;wanderson@gmail.com;"39557 Buckley Tunnel
East Juliestad, NM 11016";"001-732-596-9104x43350";Murray;US;36.61033;-88.31476
2021-11-09 18:20:41;2021-11-09 18:20:41;a271b70b-c090-42be-89ce-28f4efb312dd;Samantha Merritt;F;2014-11-22;AB-;david48@hotmail.com;"964 Hart Isle Suite 772
Johnsonton, CO 99629";"256.758.3815x60999";Sheoganj;IN;25.13915;73.06784
2021-11-09 18:20:42;2021-11-09 18:20:42;"31ee26f2-63ff-4b08-9c76-b94eca773ec3";Travis Snyder;M;1992-01-20;A-;richardrobertson@yahoo.com;"2385 Eric Turnpike Suite 741
East Charlesside, ME 70284";(710)172-5488;Dahlem;DE;52.4581;13.28702
2021-11-09 18:20:44;2021-11-09 18:20:44;"06245baf-b81b-43d7-90a8-8e68513b58d8";Jennifer Lewis;F;2018-10-03;B-;whorton@hotmail.com;"16032 Caldwell Rapid Apt. 799
New Thomasland, WI 26689";"001-540-167-8838x265";Ganei Tikva;IL;32.05971;34.8732
2021-11-09 18:20:46;2021-11-09 18:20:46;db8d0912-4b26-496c-a465-fd9f5966aec3;Cindy Lopez;F;1963-08-13;AB-;kimkyle@yahoo.com;"5772 Chad Rest
Wattsstad, TN 18617";(895)799-3363;Namerikawa;JP;36.75965;137.36215
2021-11-09 18:20:47;2021-11-09 18:20:47;"30edc02e-19aa-4a92-bade-a2b44b323a87";Carrie Myers;F;1950-06-13;AB+;williamwatson@hotmail.com;"5071 Timothy Crossing Apt. 424
Esparzaton, WV 90980";"842-451-3592x367";Boo;SE;59.33333;18.28333
2021-11-09 18:20:49;2021-11-09 18:20:49;"5cd5a8ca-ae2a-4408-a34d-82f506df3bd4";Mark Diaz;M;1965-11-01;A+;rmartinez@yahoo.com;"601 Jaime Isle Apt. 754
Kevinberg, AZ 69580";+1-201-079-2555x06228;Hakodate;JP;41.77583;140.73667
2021-11-09 18:20:51;2021-11-09 18:20:51;"2bb927f0-e5e5-45bd-990f-b59dd4ccc8be";Norman Wallace;M;1973-06-25;AB-;jessica78@hotmail.com;"9524 Patterson Inlet Suite 073
Port Alechaven, ND 64311";(708)578-1623x26878;Tongelre;NL;51.44889;5.51978
2021-11-09 18:20:53;2021-11-09 18:20:53;"6b9742e1-fd26-41c2-9d9b-41b0a4c9dda7";Richard Schmidt;M;1966-03-10;O-;mistyvega@hotmail.com;"6935 Gray Plaza
Johnsonland, WY 21407";"169-562-2927x8585";Buri;BR;-23.7975;-48.59278
2021-11-09 18:20:54;2021-11-09 18:20:54;"58ed980d-fa11-4125-8d50-3279b0210399";Gregory Hurst;M;1909-09-11;AB-;jacqueline80@gmail.com;"58472 Kimberly Ports Suite 918
South Kristenshire, MS 11007";"867-607-3378x450";Novogrudok;BY;53.5942;25.8191
2021-11-09 18:20:56;2021-11-09 18:20:56;"695e7191-7e86-4d2f-915e-cc9bb8640b7f";Maria Ward;F;1976-11-05;A+;ipatrick@gmail.com;"17268 Timothy Cliff Apt. 260
North Katelyn, NV 25089";"001-991-452-4074x4786";Bordj Zemoura;DZ;36.27462;4.85668
2021-11-09 18:20:58;2021-11-09 18:20:58;"1d4c55da-52f8-404f-991a-7e5b73e9c7db";Robin Martinez;F;1935-03-09;B+;jennifer34@yahoo.com;"USNV Moore
FPO AA 87535";"156.231.5974x1037";Veracruz;PA;8.88988;-79.62603
2021-11-09 18:20:59;2021-11-09 18:20:59;"3ab88c8b-963e-4c72-9847-79c7979335fb";Charlene Hart;F;1980-09-22;A+;gene76@gmail.com;"226 Haynes Dale Apt. 940
East Nicoleside, LA 84124";"001-215-199-8347x625";American Canyon;US;38.17492;-122.2608
2021-11-09 18:21:01;2021-11-09 18:21:01;"195037f9-5f99-4b91-82ad-b5c0cc75c4b9";Jessica Rodriguez;F;1907-09-21;O-;jcoffey@hotmail.com;"6865 Alexander Loop Apt. 114
New Valerie, WY 48495";"9605688575";Valinhos;BR;-22.97056;-46.99583
2021-11-09 18:21:03;2021-11-09 18:21:03;fe249a4e-e219-4061-b59b-6320fbdd7423;Dustin Moreno;M;2008-04-01;B+;candicenichols@yahoo.com;"53203 Deborah Via
South Christian, MT 49148";"001-083-949-8652x641";San Gabriel;US;34.09611;-118.10583
2021-11-09 18:21:04;2021-11-09 18:21:04;"29ccf514-b5d1-4624-881e-5539457ffd7a";Linda Morales;F;2005-11-26;B+;hansenmathew@gmail.com;"0806 Snyder Estates
Lake Elijah, RI 55582";"851-259-9723x8624";Hungund;IN;16.06213;76.0586
2021-11-09 18:21:06;2021-11-09 18:21:06;d549b0b8-b1b0-4328-9e87-85688cd7fa69;Mr. Joshua Glover;M;1941-11-09;AB+;marybarr@hotmail.com;"333 Lewis Forge Apt. 305
Lake Steventon, MA 01300";"6271288046";Ushuaia;AR;-54.8;-68.3
2021-11-09 18:21:08;2021-11-09 18:21:08;cdd02c66-0df5-4429-b67e-1561fdcb99c1;Perry Brown;M;1938-03-14;B-;dawndodson@gmail.com;"977 Dillon Hill Apt. 407
Russellshire, NJ 77528";"739.499.2080x06774";Gates-North Gates;US;43.16547;-77.70066
2021-11-09 18:21:09;2021-11-09 18:21:09;f65d02f8-475f-4c02-b337-6b73b4c8b960;Lauren Martin;F;2003-07-04;O+;dmarshall@yahoo.com;"4428 Hawkins Gateway Apt. 975
Adamschester, WY 73220";"993-191-1768";Likhobory;RU;55.85;37.56667
2021-11-09 18:21:11;2021-11-09 18:21:11;"41260ef2-ff9b-45d3-ab93-5242cb923f02";Victoria Good;F;1917-09-08;O-;patrickkatelyn@gmail.com;"785 Murphy Crossroad Suite 038
Carterstad, ME 49763";"3985193017";Zeist;NL;52.09;5.23333
2021-11-09 18:21:13;2021-11-09 18:21:13;f0350f93-08fa-468b-bdc4-7c7e2048d12f;Connie Thomas;F;1968-09-30;B+;christophergonzalez@hotmail.com;"02448 Becky Keys Apt. 874
Port Kenneth, MT 88101";"3431978892";Vryheid;ZA;-27.76952;30.79165
2021-11-09 18:21:14;2021-11-09 18:21:14;c054b9b8-dbcb-4746-8349-00ca464b5e9e;Justin Jones;M;1957-06-12;O-;wcruz@hotmail.com;"1902 Richard Valleys
Cynthiaville, KS 74091";+1-163-925-1749x9083;Sangla Hill;PK;31.71667;73.38333
2021-11-09 18:21:16;2021-11-09 18:21:16;"0f07cea3-c5a9-4f7d-a118-e50d2e6e5852";Nicole Walter;F;1972-05-06;AB-;hannah33@hotmail.com;"376 Grimes Squares
Williamshaven, MN 24321";"802.844.0717x2439";Motomachi;JP;43.82634;144.09638
2021-11-09 18:21:18;2021-11-09 18:21:18;d3e275f7-1ed3-479f-a25a-70a985d75d74;Jennifer Miller;F;1977-11-24;AB+;bryan45@gmail.com;"27432 Jones Prairie Suite 275
Lake Brendanborough, IN 70250";"001-072-878-6637x247";Palm Desert;US;33.72255;-116.37697
2021-11-09 18:21:19;2021-11-09 18:21:19;"69374ebf-9fca-48b4-8eb7-98957b50c0f3";Jason Meyers MD;M;2017-09-20;O-;allen11@gmail.com;"19009 Joseph Island Suite 320
Allenport, ME 90571";"891.470.0144";Lebanon;US;39.43534;-84.20299
2021-11-09 18:21:21;2021-11-09 18:21:21;"39730853-6673-4f3b-88f5-099e51a7ac45";Stephen Chavez;M;1960-08-17;AB+;elijah01@yahoo.com;"227 Glass Canyon
Sanchezshire, AL 64594";"001-205-806-2419x2292";Zhoucun;CN;36.81667;117.81667
2021-11-09 18:21:23;2021-11-09 18:21:23;"54835422-8eb2-409d-8dbc-b252efdec7e9";Hayley Quinn;F;2016-12-18;A+;paul50@gmail.com;"6770 King Cliff Apt. 018
Cruzmouth, TN 44786";"463.065.8928x618";Skalica;SK;48.8449;17.22635
2021-11-09 18:21:25;2021-11-09 18:21:25;"110b5c35-c672-481d-a8f7-af359dd81ab1";Joshua Lopez;M;1960-09-29;O+;burnsstacey@hotmail.com;"1596 Laura Stream
Port Caseyfurt, PA 44596";"493.821.3381x434";Andes;CO;5.6561;-75.87877
2021-11-09 18:21:26;2021-11-09 18:21:26;a702c568-536d-4884-9f0d-c77a2f1785ba;Sydney Johnson;F;1962-06-13;AB-;ssanchez@yahoo.com;"03079 Atkinson Viaduct
New Robertstad, CT 03768";"747.963.0502x636";Zhoushan;CN;29.98869;122.20488
2021-11-09 18:21:29;2021-11-09 18:21:29;"632acc9b-5a1f-460f-8030-69a740d93a2a";Louis Wells;M;1918-03-16;AB+;allisoncampos@hotmail.com;"615 Orr Point
Danielchester, TX 90036";"001-487-474-5786x8567";Vryheid;ZA;-27.76952;30.79165
2021-11-09 18:21:32;2021-11-09 18:21:32;"68d6d55c-eacf-4fb3-a7bb-61e6cbdd3244";Gerald Ramirez;M;2000-12-10;B-;cynthia52@hotmail.com;"4514 Powell Trail Suite 917
East Monique, VT 07161";"960-185-6573x4836";Yablonovskiy;RU;44.98901;38.94324
2021-11-09 18:21:34;2021-11-09 18:21:34;de8ff401-172a-481a-8358-085b6f824877;Kristi Rangel;F;1945-03-26;B-;alexanderthomas@hotmail.com;"3973 Cunningham Court
Jamesburgh, WI 95595";"011.460.3939x85076";Volokolamsk;RU;56.03361;35.96944
2021-11-09 18:21:38;2021-11-09 18:21:38;"125bd96c-02de-47d3-bc90-cd903e0a429d";Sara Thompson;F;1981-05-04;B+;elijahsanchez@gmail.com;"0839 Debra Pine Apt. 365
Sarahmouth, WV 75142";"001-794-884-1273";Pleasant Prairie;US;42.55308;-87.93341
2021-11-09 18:21:40;2021-11-09 18:21:40;"35574fbd-be55-411e-89f1-fb17b2c4f7be";Charles Crawford;M;1921-10-30;O-;xreese@gmail.com;"111 Barton Stream Suite 164
Port Amanda, NM 51034";+1-697-781-6649x906;Le Robert;MQ;14.67751;-60.94228
2021-11-09 18:21:41;2021-11-09 18:21:41;"11810cee-9db9-4035-963d-cc0ff7ffa5be";Glenn Long;M;1937-01-10;AB+;hollygraham@hotmail.com;"93996 Smith Highway Apt. 464
South Pamela, NH 16338";(921)009-2152;Walsrode;DE;52.86147;9.5926
2021-11-09 18:21:43;2021-11-09 18:21:43;"1d69aaae-c9c2-43b3-bb61-70ca6eb29a42";Tiffany Barton;F;1990-09-29;AB+;rtran@hotmail.com;"8304 Kimberly Rest
Katrinafort, CT 05128";"344.559.5655x66700";Carnegie;AU;-37.88333;145.06667
2021-11-09 18:21:45;2021-11-09 18:21:45;"59bb7bf2-1b71-455f-b4bc-413fab842427";Scott Thomas;M;1946-04-06;A-;cynthia25@hotmail.com;"0233 Bradley Circles Apt. 781
Port Davidmouth, NJ 06630";"531-863-2202x39463";Montana;BG;43.4125;23.225
2021-11-09 18:21:46;2021-11-09 18:21:46;"6f16dfff-4a3f-4ea2-81e6-9580d1f517b2";Cynthia Long;F;1959-09-26;AB-;amyzuniga@hotmail.com;"78981 Dawn Summit Suite 317
Michaelbury, NY 00792";"730-812-7353";Barpeta;IN;26.32293;91.00632
2021-11-09 18:21:48;2021-11-09 18:21:48;f1451fc2-dc1d-45c9-9685-5ff36396d42c;Cathy Morales;F;1934-02-16;O+;jennifer87@hotmail.com;"61055 Eric Creek Apt. 627
Michaelstad, MT 83745";+1-365-104-0569;Sishui;CN;35.64889;117.27583
2021-11-09 18:21:50;2021-11-09 18:21:50;"681f07b4-ede9-48c1-a40f-a6c70438b69f";Benjamin Contreras;M;2004-10-05;O-;laurajones@yahoo.com;"467 Rachael Mews Suite 385
South Melissa, PA 65958";+1-000-610-5673x0538;Guyong;PH;14.8361;120.97844
2021-11-09 18:21:51;2021-11-09 18:21:51;"56e9b600-78a9-4b41-89e7-f7ce96babdc6";Karen Zimmerman;F;1906-02-28;B-;ethanmartinez@gmail.com;"443 Jennifer Land
Troyshire, LA 09140";(740)289-6180;Bonoua;CI;5.27247;-3.59625
2021-11-09 18:21:53;2021-11-09 18:21:53;"813537c3-e646-4d3d-bc84-b91d06f8ea94";Martha Owens;F;1976-12-30;O+;jenniferrose@yahoo.com;"69711 Allen Mountain
Kelseyton, NJ 07201";(864)833-8215x04251;Karbala;IQ;32.61603;44.02488
2021-11-09 18:21:55;2021-11-09 18:21:55;"8cb0889b-4cd5-4df1-ac66-9d7d3b54a4f8";Carolyn Mills;F;1975-09-08;AB-;jeffreyreid@hotmail.com;"PSC 3806, Box 2926
APO AA 95566";(996)335-8842;Baulkham Hills;AU;-33.75881;150.99292
2021-11-09 18:21:56;2021-11-09 18:21:56;"88803ab1-adf4-4a2e-8e7d-50901ab22926";Cathy Molina;F;2021-07-29;B-;smithdonna@hotmail.com;"436 Adam Courts Apt. 529
Johnport, RI 22240";"5258213570";Tebingtinggi;ID;3.3285;99.1625
2021-11-09 18:21:58;2021-11-09 18:21:58;"06ee915c-616a-493f-81ff-1425201af9af";William Hinton;M;1961-04-16;AB-;robertperez@hotmail.com;"88247 Hart Way Apt. 277
Colemanport, LA 81350";(107)493-9445;Uran;IN;18.87813;72.93924
2021-11-09 18:22:00;2021-11-09 18:22:00;"5acd1d5d-c094-4034-92d3-0195d007d2d5";Zoe Johnson;F;1960-04-10;AB+;wilsondavid@yahoo.com;"3668 Stefanie Lodge Apt. 816
Lake Christopher, AL 04059";(035)205-0891x405;Claremont;US;34.09668;-117.71978
2021-11-09 18:22:01;2021-11-09 18:22:01;"614f1999-21a2-49ee-aab3-0fe9bcf60466";Jordan Webb;M;1928-08-16;A-;angela97@yahoo.com;"445 Cardenas Branch
Port Melissa, CT 32636";(471)965-0747;Eisen;KR;36.82167;128.63083
2021-11-09 18:22:03;2021-11-09 18:22:03;"0168b03c-f44c-4e33-aac2-0efcc40ec83e";Denise Phelps;F;1953-07-17;O+;jensenandrew@gmail.com;"5607 Lopez Stravenue Apt. 600
Wellsmouth, IL 79903";"199.904.7119x17733";Guapimirim;BR;-22.53722;-42.98194
2021-11-09 18:22:05;2021-11-09 18:22:05;"053dfb76-5405-4438-8e40-aaee103b9132";Margaret Martin;F;1915-05-10;AB-;clarkdeborah@hotmail.com;"982 Martinez Plain
Barbaramouth, DC 44229";"001-166-108-7207x378";Besuki;ID;-7.73379;113.69785
2021-11-09 18:22:06;2021-11-09 18:22:06;a374152c-f12e-4858-8a8c-55d7907658f1;Charles Newton;M;1915-03-21;O-;ksimpson@gmail.com;"76272 Amy Extension
Tiffanyborough, DE 38593";"001-406-567-7517x121";Bothell West;US;47.80527;-122.24064
2021-11-09 18:22:08;2021-11-09 18:22:08;"4b47c761-1d0f-4097-a1e8-8aa83a8dea08";Mary Sharp;F;2020-10-12;O-;stephen62@yahoo.com;"USS Johnson
FPO AA 59572";"466-905-8262";Solntsevo;RU;55.63711;37.38115
2021-11-09 18:22:10;2021-11-09 18:22:10;"1dcf3f2a-57f9-4df5-915d-967c9995f372";Valerie Rivers;F;2018-03-25;B+;loriphelps@hotmail.com;"28964 Coffey Avenue Apt. 456
North Bryantown, MS 11494";"738-865-3875x05857";Herblay;FR;48.98994;2.1699
2021-11-09 18:22:29;2021-11-09 18:22:29;"49506c62-c3fe-46f6-9798-22eaf298910f";Ashley Washington;F;1916-10-13;AB+;sylvia73@gmail.com;"098 Ware Junction Suite 575
New Laurenhaven, AL 77244";"001-125-233-8059x8200";Lakewood;US;41.48199;-81.79819
2021-11-09 18:22:31;2021-11-09 18:22:31;"96981df6-ea76-4ece-946f-7065bfb51dae";Jenna Curry;F;1933-12-02;AB+;charles38@gmail.com;"0218 Peters Circles
East Stephanie, WY 46025";"001-077-968-3823";New City;US;41.80753;-87.65644
2021-11-09 18:22:33;2021-11-09 18:22:33;edebf83e-551f-4799-b412-fa7afb5d7c6c;Allen Gordon;M;1936-04-27;B-;harrisdominique@gmail.com;"1947 Johnson Mall Apt. 071
North Jasmineview, KS 23072";(406)959-7901x41619;Progreso;MX;21.28306;-89.66123
2021-11-09 18:22:35;2021-11-09 18:22:35;b4a37664-20c7-4e12-a344-722629921cab;Karina Hahn;F;1994-05-06;A+;loganandrew@yahoo.com;"1572 Heather Street Apt. 595
South Whitneyview, VA 83829";+1-683-405-8379x71424;Tharu Shah;PK;26.9423;68.11759
2021-11-09 18:22:37;2021-11-09 18:22:37;e3a90918-9cc9-4097-b689-f7ab1d94725a;Nancy Martin;F;1995-06-01;AB+;ehudson@yahoo.com;"73522 Amanda Fords Suite 576
West Michele, IL 24163";"925-591-7254";Bretten;DE;49.03685;8.70745
2021-11-09 18:22:38;2021-11-09 18:22:38;"813d17a8-74fd-4e92-ad95-13e19174c3b6";Deborah Berry;F;2020-01-06;O-;allisonkelly@gmail.com;"9500 Karen Vista Suite 155
Lake Deannahaven, DE 89762";(245)774-0947x54133;Bibiani;GH;6.46346;-2.31938
2021-11-09 18:22:40;2021-11-09 18:22:40;c52ae4c4-385c-4110-a6d9-4ecc4b19e2a1;Stacey Dominguez;F;1994-11-06;B-;tcruz@yahoo.com;"87095 Richardson Knoll
Rhodesstad, LA 09231";"545-030-3274";Novogrudok;BY;53.5942;25.8191
2021-11-09 18:22:42;2021-11-09 18:22:42;"8f6955c8-29fa-4e1f-8a6f-c6b7d0f6db21";Emily Summers;F;1996-12-25;O+;heatherwilliams@hotmail.com;"5589 Chloe Valleys Suite 014
Sarahburgh, NJ 73579";"935.252.9644";Batu Feringgi;MY;5.4709;100.24529
2021-11-09 18:23:19;2021-11-09 18:23:19;"8e38e94b-3cdd-4ef4-878f-a0ee03f62955";Joseph Hill;M;2002-04-12;AB-;joseph05@yahoo.com;"1531 Franklin Valley
Hesshaven, HI 32305";"419-000-8839";Huangshi;CN;30.24706;115.04814
2021-11-09 18:44:47;2021-11-09 18:44:47;"9b916186-3449-47b8-acce-4643b8a1c6a2";Brittany Wood;F;1977-03-10;B-;betty19@gmail.com;"964 Laura Parkways Apt. 970
Christopherton, MD 29351";"001-040-493-1212";Lancing;GB;50.82882;-0.32247
2021-11-09 18:44:48;2021-11-09 18:44:48;bef93f14-8f81-47ea-b295-9f8d15549778;Natasha Hill;F;2010-09-19;A+;campbellmichelle@yahoo.com;"2342 Alvarez Crescent Apt. 195
West Brandy, OR 47934";(424)340-8533;Hoogezand;NL;53.16167;6.76111
2021-11-09 18:44:50;2021-11-09 18:44:50;e396c99d-ade5-4d1f-a679-ede37637907a;Douglas Valdez;M;1976-12-24;AB+;bjackson@yahoo.com;"82925 James Hollow
North Sandramouth, MD 42838";"3290520965";Fayetteville;US;35.05266;-78.87836
2021-11-09 18:44:52;2021-11-09 18:44:52;"23e21da2-8bc6-41a3-aa4c-ff125fe950eb";Cory Goodwin;M;1913-05-19;O-;yhernandez@gmail.com;"4951 Alvarez Station
Aaronton, AL 72036";"3424527775";Naro-Fominsk;RU;55.38752;36.73307
2021-11-09 18:44:54;2021-11-09 18:44:54;efcfbac1-63c2-4f6e-9531-de72c41e2200;Daniel Velazquez;M;1965-04-29;A-;petersoncraig@yahoo.com;"Unit 1665 Box 5081
DPO AE 29913";"711.717.5740x72500";Yanliang;CN;34.65918;109.22921
2021-11-09 18:44:56;2021-11-09 18:44:56;"2e6db05b-7014-4f64-aa70-579463916f64";Natalie Benitez;F;1968-07-18;B+;hayesjoy@hotmail.com;"4246 William Parkways Suite 556
Lake Davidmouth, DC 55512";"767.176.1691x692";Dalsingh Sarai;IN;25.66795;85.83636
2021-11-09 18:44:59;2021-11-09 18:44:59;"4e6a63ec-2315-4575-ad76-a3eba0d10f7d";Timothy Zamora;M;1986-12-25;O-;phillipsbarbara@yahoo.com;"39059 Gamble Roads
Port Cassandrabury, CA 70704";"703.245.4414x52593";Bobigny;FR;48.90982;2.45012
2021-11-09 18:45:00;2021-11-09 18:45:00;"4c285eba-b7bd-479e-b17a-329c260ce694";Tina Nelson;F;2006-07-03;AB-;jane76@yahoo.com;"058 Donna Corner
West Hannah, TN 65746";"890-966-2317";Maxixe;MZ;-23.85972;35.34722
2021-11-09 18:45:02;2021-11-09 18:45:02;e491a16d-1143-4be7-bf6d-281f7defb06d;Francisco Ruiz;M;1997-11-08;B+;james00@hotmail.com;"66924 Richard Canyon Apt. 510
Lake Michaelview, NM 02837";"009-371-3282";Copperas Cove;US;31.12406;-97.90308
2021-11-09 18:45:04;2021-11-09 18:45:04;"792e81b3-e0bb-4c7e-bb65-321ed9ee3fe0";Lisa Miller;F;1946-09-06;O+;inunez@gmail.com;"4669 Edward Well
Lake Kathyhaven, ND 81832";"448-858-4447x13297";Ajdabiya;LY;30.75545;20.22625
2021-11-09 18:45:05;2021-11-09 18:45:05;"60603882-c9db-4427-ab8c-441f8755389e";Vincent Carter;M;1947-07-27;A-;biancabarnett@hotmail.com;"917 Erin Streets
Powerston, RI 97877";"951.586.5540x2567";Palafrugell;ES;41.91738;3.1631
2021-11-09 18:45:07;2021-11-09 18:45:07;"7d84fe22-4864-4a99-ab43-ca9475af914a";Jason Jarvis;M;1972-03-11;AB+;ericgonzalez@gmail.com;"0441 Michelle Course Apt. 247
Kyleport, VT 52401";(225)139-0709x003;Guanajuato;MX;21.01858;-101.2591
2021-11-09 18:45:09;2021-11-09 18:45:09;"492d3d85-fb5f-4012-8c0e-508188481dd6";Robin Delgado;F;1965-07-14;AB-;ericaglenn@gmail.com;"8338 Gabrielle Ramp
North Amyberg, VA 64602";"013.945.3847";Pekin;US;40.56754;-89.64066
2021-11-09 18:45:11;2021-11-09 18:45:11;fc0e186d-b239-43b9-8034-2a996d96abd2;Tina Wilson;F;1958-02-28;A+;carpenterjonathan@yahoo.com;"21048 Schultz Square Apt. 826
Ruthmouth, UT 94341";"001-750-399-5062x11424";Nayoro;JP;44.35056;142.45778
2021-11-09 18:45:12;2021-11-09 18:45:12;df67f464-fd78-4e8b-b3e8-98ff3ba6df0b;Patrick Brown;M;1907-02-27;A-;rmoyer@yahoo.com;"681 Carrie Lights Apt. 860
North Lori, NE 34050";+1-703-557-3237x960;Juhaynah;EG;26.67319;31.4976
2021-11-09 18:45:14;2021-11-09 18:45:14;a6bee0e2-a39a-4cea-a6fb-a45e0e98663c;Maria Oconnor;F;1950-05-20;AB-;lucasgriffin@gmail.com;"99007 Sherry Plaza Suite 372
Ramirezview, MN 47998";"983.858.6265x11413";Onex;CH;46.18396;6.10237
2021-11-09 18:45:16;2021-11-09 18:45:16;dd835e3b-0200-4055-bed2-5fd8d7524093;Stephanie Burnett;F;2010-06-21;A+;jenniferroberts@yahoo.com;"1802 Henry Lane Suite 070
West Sherry, MN 41642";(226)895-6540;Tupelo;US;34.25807;-88.70464
2021-11-09 18:45:18;2021-11-09 18:45:18;"4785d14e-93b3-46e0-997f-7ca99d9ab110";Edward Walsh;M;1916-06-08;AB+;tylercline@hotmail.com;"USS Gates
FPO AA 82124";"225.809.9194x3416";Roslavl‚Äô;RU;53.95278;32.86389
2021-11-09 18:45:19;2021-11-09 18:45:19;f648606c-4b12-4211-b045-dac2f3e56ad1;Diana Burgess;F;2017-07-14;AB+;michael91@yahoo.com;"PSC 9417, Box 0352
APO AA 81799";(717)653-9030x17878;Heyuan;CN;23.73333;114.68333
2021-11-09 18:45:21;2021-11-09 18:45:21;c1dfca64-7ed5-465b-bd14-98c9fa51384b;Thomas Haas;M;1989-09-16;A-;okelly@hotmail.com;"196 Chelsey Rest
Sextonmouth, OK 57584";+1-164-318-0977x4513;Thenia;DZ;36.72544;3.55665
2021-11-09 18:45:23;2021-11-09 18:45:23;bac481c3-ef54-49a2-b962-a1961475f6ac;Tina Buck;F;1932-02-02;B-;bhuffman@hotmail.com;"86870 Coleman Expressway
South Rebeccaside, RI 67916";(965)036-4351x60157;Santa Maria;US;34.95303;-120.43572
2021-11-09 18:45:25;2021-11-09 18:45:25;"42e390f6-61e9-4bda-a08a-853619f7b1a2";Katie Saunders;F;1958-01-28;O+;smithdevin@hotmail.com;"064 Richard Court
Lake Christopher, NH 98121";"001-660-953-2193";Claremont;US;34.09668;-117.71978
2021-11-09 18:45:26;2021-11-09 18:45:26;"5897b3b9-3bf2-48b1-8cd4-1b3aad7c25ed";Jessica Perez;F;1945-04-27;B+;courtney30@yahoo.com;"USNS Blair
FPO AP 42384";"991-086-4188x451";Yablonovskiy;RU;44.98901;38.94324
2021-11-09 18:45:28;2021-11-09 18:45:28;"63c63b47-a86b-457e-8e23-226db24bec49";Ryan Jimenez;M;1996-06-23;A-;jmeyers@hotmail.com;"5342 Sean Parkway
North Brittanystad, TX 83147";"217.495.3999x898";Lanciano;IT;42.22718;14.39024
2021-11-09 18:45:30;2021-11-09 18:45:30;"051d78af-ffb8-4f9c-a804-e64d57ebc0dc";Thomas Robinson;M;1909-06-22;AB+;vasqueznathan@gmail.com;"369 Stacy Road Suite 837
Bobbystad, RI 94478";"600-032-8089x173";Arzamas;RU;55.39485;43.83992
2021-11-09 18:45:32;2021-11-09 18:45:32;"614320ae-45dd-4ba3-b6f0-8d9b6f957fab";Linda Fields;F;1961-10-17;B+;johncastillo@yahoo.com;"763 Maldonado Ways Suite 017
North Rhonda, ME 22007";"827-700-9774x0995";Port Huron;US;42.97086;-82.42491
2021-11-09 18:45:34;2021-11-09 18:45:34;"869592b9-e2a0-407f-814d-3ce3bd42386b";Heidi Henry;F;1992-12-28;B+;dixonjesse@hotmail.com;"7107 Cooper Summit
New Rachel, NV 05836";"101.951.6889x425";Shagamu;NG;6.8485;3.64633
2021-11-09 18:45:36;2021-11-09 18:45:36;a587b2a8-25b2-4020-a679-cba88a996030;Christine Jordan;F;2017-05-15;A-;armstrongcynthia@gmail.com;"8075 Patel Cove
North Laura, SD 07771";(419)174-0172;Media Luna;CU;20.14298;-77.43532
2021-11-09 18:45:38;2021-11-09 18:45:38;"6463cfc1-0be8-4107-80be-5ab10636db71";Michael Durham;M;1990-11-13;A+;shelly83@hotmail.com;"717 William Island Suite 985
South Mandymouth, CT 24531";+1-967-918-3280;Vestavia Hills;US;33.44872;-86.78777
2021-11-09 18:45:39;2021-11-09 18:45:39;"595cdc1f-13cd-43eb-bf85-16cd0309667a";Dustin Clark;M;1946-01-18;O+;william26@gmail.com;"PSC 1100, Box 1073
APO AA 42719";"228.605.0996x514";Hofheim am Taunus;DE;50.09019;8.4493
2021-11-09 18:45:41;2021-11-09 18:45:41;"3850537e-3c16-4334-993c-f130115da23b";Courtney Cole;F;2019-09-26;A-;josephmueller@gmail.com;"USNV Smith
FPO AE 10966";+1-241-819-0251x6098;Marburg an der Lahn;DE;50.80904;8.77069
2021-11-09 18:45:43;2021-11-09 18:45:43;b83571f2-125e-4bcc-822a-73b8caab82bc;Adrian Knight;M;1981-06-11;O+;rogersjermaine@yahoo.com;"47348 Michelle Plaza Suite 293
South Christopherfurt, OK 23991";"413.359.6632x7628";Tarkwa;GH;5.30383;-1.98956
2021-11-09 18:45:45;2021-11-09 18:45:45;"908a8a22-55e1-459a-abea-e35dd036d5f6";Ashley Smith;F;1994-08-31;AB-;john68@yahoo.com;"16430 Jeffrey Drives
Lake Phillip, CO 19463";"6724415642";Caravaca;ES;38.10558;-1.86343
2021-11-09 18:45:46;2021-11-09 18:45:46;"9a1dc13d-9a4d-47e4-9189-2ba3cec2e26c";Amy Martin;F;1933-01-23;B-;paulamoore@gmail.com;"2569 Ross Stream Apt. 458
Jamesview, TX 87859";"589.640.4656x0422";Aracaju;BR;-10.91111;-37.07167
2021-11-09 18:45:48;2021-11-09 18:45:48;a4406bae-33ff-4973-8e80-1ab895c6d192;Richard Yates;M;1905-10-18;B+;phillipscharles@gmail.com;"9234 Solis Pines Suite 153
West Angelicaville, SD 45806";(360)882-7471;Phanat Nikhom;TH;13.44581;101.18445
2021-11-09 18:45:50;2021-11-09 18:45:50;"03590309-9380-4e8d-a0d1-779f7cf2fd3b";Abigail Stanley;F;1953-11-03;AB+;michael39@hotmail.com;"281 Harris Corner
New Crystalfort, WI 61447";"814.242.1942";Marseille 11;FR;43.2907;5.4384
2021-11-09 18:45:52;2021-11-09 18:45:52;"1f543420-e3aa-4421-9217-4c4905e96990";Christopher Clark;M;1943-02-28;A-;martincarter@yahoo.com;"935 Cathy Rapids Suite 941
Erichaven, IA 33815";"001-475-518-9565x95831";Sojat;IN;25.92493;73.66633
2021-11-09 18:45:53;2021-11-09 18:45:53;"425216db-3e37-454f-be26-5c875c53228b";Phyllis Patel;F;1926-12-09;A+;janice72@yahoo.com;"700 Riley Glen
New Christopher, MN 32757";"717.410.9219x87668";Cuenca;EC;-2.90055;-79.00453
2021-11-09 18:45:55;2021-11-09 18:45:55;"4f6e28c1-5d14-4170-b077-697271c67e25";Jessica Graham;F;2000-08-23;AB+;phillipspatricia@hotmail.com;"21713 Christopher Ville Apt. 503
East Sarah, UT 24222";"268-728-3230";Fairview Heights;US;38.58894;-89.99038
2021-11-09 18:45:58;2021-11-09 18:45:58;e23528ca-cc15-480e-bf05-d435b71141d1;Kayla Wallace;F;1918-11-01;O-;nathanwallace@yahoo.com;"54522 Kimberly Station
Cynthiastad, CT 75930";"829-446-2787x694";Arles;FR;43.67681;4.63031
2021-11-09 18:46:00;2021-11-09 18:46:00;"91b9d694-8049-4ce3-bd01-7fafff7a5baf";Fred Nixon;M;1967-09-22;A-;martinezcatherine@gmail.com;"965 Edgar Estate
Jeremyberg, CA 20227";(372)869-7465x42697;Andes;CO;5.6561;-75.87877
2021-11-09 18:46:02;2021-11-09 18:46:02;"82ef4865-9bb4-48b3-9825-82c44015086e";Angela Norton;F;1925-08-04;A+;matthewmullins@hotmail.com;"4433 Brian Mountain
North Alexis, UT 83865";(607)101-8489x1623;Soroca;MD;48.15659;28.28489
2021-11-09 18:46:03;2021-11-09 18:46:03;c10acb59-5bd2-40ae-b5d5-c30ed5b89d03;Adam Ortiz;M;1992-06-16;B-;michellesanders@gmail.com;"7233 April Divide Apt. 283
Christineland, KY 33711";(523)840-2964x2135;Amposta;ES;40.70995;0.57856
2021-11-09 18:46:05;2021-11-09 18:46:05;b0682881-f4fd-42e5-8bb9-b96690252e6c;Joshua Graham;M;2015-03-14;AB+;brucelynch@hotmail.com;"3847 Caitlyn Plain Suite 227
Morrisport, AK 82900";+1-199-201-5072x044;Hofheim am Taunus;DE;50.09019;8.4493
2021-11-09 18:46:06;2021-11-09 18:46:06;"84f6e031-4729-4004-80e1-cdb79b228051";Angela Foster;F;1973-01-23;AB-;dustin67@yahoo.com;"8921 Newman Shore Suite 503
West Williamfurt, CA 31794";(052)275-8605x6352;Chamba;IN;32.55531;76.12647
2021-11-09 18:46:08;2021-11-09 18:46:08;d59c79da-e0b4-407d-a5a7-5a8ea1ed040e;Angela Jacobs;F;1929-08-22;AB+;sharon74@hotmail.com;"93037 Patrick Forks Suite 968
Hayesburgh, CO 57535";"001-717-675-7260x0266";Tandil;AR;-37.32167;-59.13316
2021-11-09 18:46:10;2021-11-09 18:46:10;"91601abb-55ae-4893-a045-5fa255608a89";Jonathan Price;M;2001-04-09;AB+;fvazquez@hotmail.com;"657 Thomas Junctions
Blakeburgh, PA 90687";(269)798-5801x17986;Krymsk;RU;44.92934;37.99117
2021-11-09 18:46:12;2021-11-09 18:46:12;"08872870-347b-4eae-a550-b9646e41e5fa";Mikayla Jones;F;1980-09-07;AB-;hardinerik@gmail.com;"29903 Armstrong Lane Apt. 843
Lake Amyview, NY 75256";"807.463.3238";Taunton;US;41.9001;-71.08977
2021-11-09 18:46:14;2021-11-09 18:46:14;a4c0808e-798d-45b9-9644-269f1c687683;Lori Richard;F;1993-01-31;AB-;jessica15@hotmail.com;"439 Calvin Lodge Apt. 856
Charlesville, WY 86593";(084)860-8254;Leioa;ES;43.32686;-2.98884
2021-11-09 18:46:15;2021-11-09 18:46:15;"67a2affb-b7dc-405d-bd4d-9f7c14874851";Kimberly Anderson;F;1961-05-21;A+;edwardsbarbara@gmail.com;"8200 Sanders Greens Suite 108
Matthewland, VA 54214";"5845425327";Scottsdale;US;33.50921;-111.89903
2021-11-09 18:46:17;2021-11-09 18:46:17;"134cac98-2961-41be-8a46-2676164e599a";Jordan Nelson;F;2007-10-31;AB+;trandavid@hotmail.com;"562 Benjamin Streets Suite 421
Mezashire, MS 89482";"001-524-444-6838x821";Norco;US;33.93113;-117.54866
2021-11-09 18:46:19;2021-11-09 18:46:19;"13dbcb91-815c-4c54-a6c3-5f5f064b33d5";Shelia Hunt;F;1988-08-06;B-;gkerr@yahoo.com;"14336 Michael Common
Port Jacob, MO 06836";(806)796-9085x751;Fazilpur;PK;32.17629;75.06583
2021-11-09 18:46:20;2021-11-09 18:46:20;"597ee880-bffd-4918-b1e4-4c6563670b12";Mrs. Debra Williams MD;F;1948-09-10;AB-;youngsally@yahoo.com;"USS Lewis
FPO AA 31906";+1-548-652-5332x61112;Severodvinsk;RU;64.5635;39.8302
2021-11-09 18:46:22;2021-11-09 18:46:22;b8168c02-9a2c-424e-8430-61523581b802;Michael Russell;M;1987-05-04;AB-;william32@yahoo.com;"06310 Christopher Manors Apt. 798
South Dianeside, MD 70961";"513-320-5151x7500";Pekin;US;40.56754;-89.64066
2021-11-09 18:46:24;2021-11-09 18:46:24;"20b003a7-c8b2-48a6-a488-2261ec93cb8d";Henry Eaton;M;1922-12-26;AB-;smithnatalie@gmail.com;"44851 Christina Viaduct
East Elizabethfurt, AL 57337";"001-518-620-9142x23916";Lancing;GB;50.82882;-0.32247
2021-11-09 18:46:26;2021-11-09 18:46:26;d34172c8-ed94-44bf-abf7-7e76aac5e08c;Jessica Yoder;F;1943-10-25;B-;icalderon@hotmail.com;"PSC 8677, Box 7357
APO AE 61416";"486.127.4689";Fazilpur;PK;32.17629;75.06583
2021-11-09 18:46:27;2021-11-09 18:46:27;b85323d9-8e07-4e1c-a07d-c93442b2a99b;Gary Bruce;M;1942-02-05;B+;stanley00@yahoo.com;"88426 James Ports Suite 543
Brownland, DE 55703";"786-377-0712x231";Iturama;BR;-19.72806;-50.19556
2021-11-09 18:46:29;2021-11-09 18:46:29;"67d9249a-6021-4834-8578-aa9a36e394f1";Kaylee Carroll;F;1928-10-02;AB-;gcarter@hotmail.com;"USCGC Williams
FPO AE 10826";(607)908-3296x5863;Rolla;US;37.95143;-91.77127
2021-11-09 18:46:31;2021-11-09 18:46:31;c6d6da87-05ed-4b87-b4e0-078f5a6d14c3;William Harris;M;1940-02-04;A+;pluna@gmail.com;"609 Brittany Pine
Port Lindseybury, OH 49580";"595.586.9498";Silvan;TR;38.13708;41.00817
2021-11-09 18:46:32;2021-11-09 18:46:32;a46eaf96-5909-4551-8a3c-47892f771e02;Heather Gray;F;2015-09-17;B-;jessesmith@gmail.com;"93074 Mark Court Apt. 997
Kennethfort, MD 19372";"001-449-980-1352x83169";Eppingen;DE;49.13645;8.91229
2021-11-09 18:46:35;2021-11-09 18:46:35;"96ba2c5e-a361-4979-a7ea-3bb3c56ed3fa";Nicole Reed;F;1933-07-02;AB-;xrodriguez@hotmail.com;"1891 Jack Lakes
Davidchester, MS 36576";"018-945-2129";San Bernardo;CL;-33.59217;-70.6996
2021-11-09 18:46:36;2021-11-09 18:46:36;"9f77c86c-f46d-4f43-9ad9-bf40f82061b7";Daniel Summers;M;1923-03-21;B+;johnmoran@gmail.com;"348 Davis Wall Apt. 347
Bennettbury, VA 70507";"001-251-070-7719x665";T‚Äôaebaek;KR;37.1759;128.9889
2021-11-09 18:46:38;2021-11-09 18:46:38;f2a85aa9-eb95-4246-a142-eeab53688933;Randall Torres;M;1980-01-23;AB+;yharris@yahoo.com;"142 Harmon Dale Apt. 849
Deanmouth, SD 20463";"001-291-380-3494x462";Sarandi;BR;-23.44361;-51.87389
2021-11-09 18:46:40;2021-11-09 18:46:40;"37a8676d-6f49-4d3e-a22f-73ae18b99331";Clayton Bauer;M;1920-02-14;AB-;daniel01@gmail.com;"0665 Lopez Lights
Henryborough, WY 63340";(075)032-1412x099;Clermont;US;28.54944;-81.77285
2021-11-09 18:46:42;2021-11-09 18:46:42;"60d3bee0-3bd7-4e0b-b1ca-23053f34f33c";Michael Sandoval;M;2008-05-25;A+;steve05@yahoo.com;"8702 Joseph Shore
Oneilltown, KS 31456";"001-664-791-5845x7836";Kuvandyk;RU;51.4781;57.3552
2021-11-09 18:46:44;2021-11-09 18:46:44;"2ae1d037-69b7-4ea5-8a91-7b7cbabe5585";Rebecca Ramirez;F;1941-12-09;AB+;judy22@yahoo.com;"372 Allen Coves
New Karla, WA 98402";"783.959.7031";Copperas Cove;US;31.12406;-97.90308
2021-11-09 18:46:45;2021-11-09 18:46:45;f5ef0742-252a-4a97-82da-da8e4df37b5d;Travis Smith;M;1951-08-07;AB+;crystalstephens@hotmail.com;"084 Bradley Mall Suite 707
Palmerstad, FL 56553";"6824716268";Hofheim am Taunus;DE;50.09019;8.4493
2021-11-09 18:46:47;2021-11-09 18:46:47;"2191e960-33af-4d20-8424-5975cb9a474c";Mrs. Stephanie Patton DVM;F;1948-03-19;O-;barbaraduran@gmail.com;"014 Marks Meadow
Lake Melissaberg, NH 96912";"042.682.3355";South Whittier;US;33.95015;-118.03917
2021-11-09 18:46:49;2021-11-09 18:46:49;b981c902-4876-4071-880c-eda7af555aae;Erica Wallace;F;1960-09-29;O+;millerchase@yahoo.com;"706 Lynch Views Suite 716
New Paul, NJ 34211";"6125586838";Gernika-Lumo;ES;43.31667;-2.68333
2021-11-09 18:46:50;2021-11-09 18:46:50;d0826058-ba11-409a-86bc-56969fe1f346;Regina Sellers;F;1982-08-01;O+;phillip42@gmail.com;"861 Ryan Via
Mcgeehaven, NE 23082";+1-142-916-6924;Corralillo;CU;22.98212;-80.58556
2021-11-09 18:46:52;2021-11-09 18:46:52;b3c0f90b-3ebe-420b-8679-3e30c8c6f225;Sarah Mccann;F;1945-01-05;O+;kathleenclark@gmail.com;"2725 Zachary Branch
West Briana, VT 50475";(992)482-9923;San Juan de Aznalfarache;ES;37.35813;-6.03731
2021-11-09 18:46:54;2021-11-09 18:46:54;"3ff719f7-4227-4bab-8173-3f0028b1f841";Ernest Jackson;M;2018-09-17;B-;seanmartin@hotmail.com;"8282 Paula Plain Suite 293
Lake Heather, NV 92279";"001-329-915-9513x45021";Jhol;PK;25.95533;68.88871
2021-11-09 18:46:55;2021-11-09 18:46:55;c4f55e3f-26e0-4277-a138-c503f7d01ff2;Nicholas Robinson;M;2018-03-07;A+;gaileverett@hotmail.com;"9315 Keith Union Apt. 839
Port Bryan, OK 31463";+1-209-553-4442x50149;Columbia Heights;US;45.0408;-93.263
2021-11-09 18:46:57;2021-11-09 18:46:57;"0844e92e-2ad7-4ef4-82c9-2d967efcc9e4";Reginald Arnold;M;1930-06-24;A-;calderonelizabeth@gmail.com;"289 Lewis Pass Suite 388
West Rachaelhaven, AZ 29280";"4270265677";Waterbury;US;41.55815;-73.0515
2021-11-09 18:46:59;2021-11-09 18:46:59;"0a790aaf-448e-4456-8869-ddef236191a8";Kim Lee;F;2007-09-24;B+;kramirez@yahoo.com;"5115 Thompson Dam
Lake Earl, MA 19168";(067)124-0916x458;Maryborough;AU;-25.54073;152.70493
2021-11-09 18:47:02;2021-11-09 18:47:02;bad41254-f76b-4e68-8ccf-436724c15133;Shannon Trevino;M;1965-12-09;B+;njenkins@yahoo.com;"49901 Anthony Center
Lake Danaborough, MI 08823";"705-092-4878x81371";Patti;IN;31.28092;74.85849
2021-11-09 18:47:04;2021-11-09 18:47:04;f3f545c8-ac21-4047-97e6-1e6c5d177ad3;Christine White;F;2011-05-25;AB-;leevicki@gmail.com;"38157 Ramirez Mountain Suite 729
Davidhaven, SD 41473";"001-930-415-1438x2462";Thomazeau;HT;18.65297;-72.09391
2021-11-09 18:47:06;2021-11-09 18:47:06;c9b7f2e7-656d-4564-8cf9-d3e2eeae7d9f;Heidi Conner;F;1990-08-21;AB-;estesjennifer@hotmail.com;"6888 May View
New Gwendolyntown, CT 15214";"001-644-420-8201x540";Bogovinje;MK;41.92361;20.91361
2021-11-09 18:47:07;2021-11-09 18:47:07;a15036b4-6784-48f3-9e7f-a244d237fa07;Kirsten Miller;F;1947-06-03;O+;brittany13@gmail.com;"3874 Murillo Light
Schultzberg, NE 68531";+1-282-068-5996x10227;Svatove;UA;49.41029;38.15035
2021-11-09 18:47:09;2021-11-09 18:47:09;"9d7e26da-6e00-444c-bbaa-d45cea640dd0";Melinda Hall;F;2009-05-09;O+;bobibarra@gmail.com;"6512 Dawson Spring Suite 020
Lake Austinstad, WY 64506";+1-612-701-8744x096;Betamcherla;IN;15.45144;78.14797
2021-11-09 18:47:11;2021-11-09 18:47:11;"5b744585-d4d3-4e9a-87db-68b5df520e81";Michael Santiago;M;1930-03-07;AB-;jenniferhodges@yahoo.com;"209 Hicks Center Apt. 226
South David, CO 63272";"987-213-4870";Charlottenburg-Nord;DE;52.53048;13.29371
2021-11-09 18:47:12;2021-11-09 18:47:12;"4592b294-e729-4c4f-bfca-12248d236da5";Tyler Baker;M;1975-05-01;AB-;bnelson@hotmail.com;"54311 Lisa Ridges
Port Connietown, KY 91032";+1-674-224-8819x994;Ar Ruseris;SD;11.8659;34.3869
2021-11-09 18:47:14;2021-11-09 18:47:14;"77a3f41b-1441-4ec8-a23b-2ad6d930595f";Thomas Robinson;M;1955-10-01;A-;xcarey@hotmail.com;"2253 Reed Creek
Gallowayside, MA 00641";"497-931-2544x8350";Inverness;GB;57.47908;-4.22398
2021-11-09 18:47:16;2021-11-09 18:47:16;"3a031645-4554-4f09-887f-4859bec5653f";Mr. Walter Kent;M;2014-07-22;A+;whiterobert@hotmail.com;"7139 Andrew Station
South Michelestad, ID 97190";"020-075-1267";Kamina;CD;-8.73508;24.99798
2021-11-09 18:47:17;2021-11-09 18:47:17;"79fe3e2e-3fa5-4601-b615-19a50311e9ca";James Brewer;M;1999-03-11;AB-;heatherescobar@hotmail.com;"3973 Glass Via
Donaldstad, IL 73800";(583)504-7950;Villabate;IT;38.07789;13.44275
2021-11-09 18:47:19;2021-11-09 18:47:19;"2d1139cd-e5bb-4c4c-8cb2-1f488544acd1";Joshua White;M;1934-06-22;AB+;zachary73@gmail.com;"PSC 6922, Box 8856
APO AA 49165";"6562492692";Sherwood Park;CA;53.51684;-113.3187
2021-11-09 18:47:21;2021-11-09 18:47:21;"1cbed2c5-90fb-4f7c-b989-c43d3feb33bf";Steven Harper;M;1959-07-31;B-;vacosta@yahoo.com;"70894 Estrada Island Suite 010
Charlesside, MD 40947";(951)040-7139x123;Dalsingh Sarai;IN;25.66795;85.83636
2021-11-09 18:47:22;2021-11-09 18:47:22;"787c3a26-fa12-4178-b3bc-6005af0b253c";Tammy Santos;F;1966-01-17;AB+;krausejoseph@gmail.com;"5223 Pitts Shoal
Port Rebecca, DE 08568";+1-496-039-0907x20395;T‚Äôaebaek;KR;37.1759;128.9889
2021-11-09 18:47:24;2021-11-09 18:47:24;"01ec260f-d02b-4327-a3f8-a96765f900c1";Caleb Wilson;M;2017-04-15;AB-;christopher81@yahoo.com;"201 Osborn Ville Suite 175
South Julie, AR 82533";(065)941-7632;Vught;NL;51.65333;5.2875
2021-11-09 18:47:26;2021-11-09 18:47:26;b53c07be-b350-46a7-8030-8547fc887cf0;Brandon Monroe;M;1927-03-04;AB+;williamparsons@yahoo.com;"44508 Gutierrez Trace
Bellchester, KS 86394";"7098613699";Chosica;PE;-11.94306;-76.70944
2021-11-09 18:47:27;2021-11-09 18:47:27;"4ef50936-b00f-44d2-8d5b-cc98511481fc";Janice Bray;F;1934-12-03;O-;cynthia27@hotmail.com;"Unit 3608 Box 1099
DPO AE 79139";+1-840-793-7341;Ilopango;SV;13.70167;-89.10944
2021-11-09 18:47:29;2021-11-09 18:47:29;"8ddfcbc1-e226-4424-95e5-2f307957a0c8";Thomas Thompson;M;1924-11-24;A-;simpsonrobert@gmail.com;"1342 Brown Port
Riveramouth, MD 72442";"9553969565";Aracaju;BR;-10.91111;-37.07167
2021-11-09 18:47:31;2021-11-09 18:47:31;d51cf508-6352-4341-9395-1136ed232d19;David Carroll;M;1975-03-04;AB+;jasonbrown@yahoo.com;"981 Vanessa Port Suite 300
West Josephfurt, WY 87038";"280-517-8100";Novogrudok;BY;53.5942;25.8191
2021-11-09 18:47:32;2021-11-09 18:47:32;"90dc0a69-16b2-4096-bcdb-5384357248ae";Elizabeth Gray;F;1958-07-11;AB+;ginabrown@yahoo.com;"7654 Emily Keys Apt. 802
Port Michaelchester, TX 43153";"487-096-7220";Periyakulam;IN;10.12268;77.54372
2021-11-09 18:47:34;2021-11-09 18:47:34;"18944ef9-8ffc-4e35-8012-ad42e5847023";Joel Skinner;M;1977-02-22;O+;danielpruitt@yahoo.com;"141 Jackson Causeway
Port Sheliastad, MT 51091";"398.488.1452x97675";Dongdu;CN;35.85;117.7
2021-11-09 18:47:37;2021-11-09 18:47:37;"5039df6d-2dd3-4d08-8ad5-abdbb479fae2";John Ramirez;M;1928-11-12;AB+;lozanojoseph@gmail.com;"12042 Brenda Spring Suite 896
East Bonnie, SC 77779";(614)791-1899x825;Bushey;GB;51.64316;-0.36053
2021-11-09 18:47:38;2021-11-09 18:47:38;dd6c0a8b-0e85-4386-96c9-00bf71715c20;Natalie Richardson;F;1991-12-30;A-;nhamilton@gmail.com;"Unit 1632 Box 6982
DPO AE 19132";"3331525321";Crystal Lake;US;42.24113;-88.3162
2021-11-09 18:47:40;2021-11-09 18:47:40;e6fbb025-361b-47b2-9a67-e96b7ab2ddad;Dean Zuniga;M;1948-12-16;B+;orojas@yahoo.com;"4944 Hutchinson Prairie
West Codyview, NE 37422";"870.831.7564";Malden;US;42.4251;-71.06616
2021-11-09 18:47:42;2021-11-09 18:47:42;b5ec9d88-3508-4bf5-9891-4c19c425ebec;Matthew Johnson;M;1907-11-19;O-;amandalambert@yahoo.com;"101 Blackwell Lock Suite 679
Port Jasmine, ID 18152";"001-834-811-7374";Patnos;TR;39.22493;42.85693
2021-11-09 18:47:44;2021-11-09 18:47:44;dfd2e58c-d7e6-4bdc-9747-d8daebb1038c;Summer Williams;F;2019-06-14;AB-;ykelly@gmail.com;"PSC 7114, Box 3366
APO AP 02827";+1-681-033-5779x244;Alfenas;BR;-21.42917;-45.94722
2021-11-09 18:47:46;2021-11-09 18:47:46;"77e3a1f9-9fc9-4974-b121-f0aae79cad2f";Jason Silva;M;1996-04-18;A-;hamptonyvonne@hotmail.com;"586 James Dale
Mcdanielshire, HI 64574";"9529314762";Baza;ES;37.49073;-2.77259
2021-11-09 18:47:48;2021-11-09 18:47:48;"49c8e6b2-74fe-47b3-a3fd-dcffab7f41e7";Steven Lee;M;1929-05-03;O-;steven56@yahoo.com;"57697 Donna Brooks Suite 287
Hendersonbury, FL 70543";"1036343879";Beidao;CN;34.56861;105.89333
2021-11-09 18:47:49;2021-11-09 18:47:49;"885e1103-9407-458b-b70d-02790ce5a649";Richard Griffin;M;1980-04-08;AB-;thompsonjustin@hotmail.com;"069 Moore Turnpike Apt. 865
East Dylan, GA 69824";+1-711-709-3089x623;Shushary;RU;59.80917;30.38167
